   x,   Φ^(N), Φavg^(N),       F^(n)
0.00, 0.17393,    0.189, -.12330E+00
0.10, 0.20425,    0.221, -.13841E+00
0.20, 0.23834,    0.258, -.15608E+00
0.30, 0.27777,    0.300, -.17669E+00
0.40, 0.32446,    0.352, -.20072E+00
0.50, 0.38106,    0.415, -.22886E+00
0.60, 0.45139,    0.494, -.26205E+00
0.70, 0.54135,    0.598, -.30161E+00
0.80, 0.66022,    0.737, -.34944E+00
0.90, 0.82289,    0.931, -.40840E+00
