Power,Reactivity
21.28030351,1.57295202
46.07244541,0.008046080532327993
97.03191329,0.026503927127508885
203.460836,0.01996203441809013
417.3588128,0.022772467756410633
903.0310362,0.01996203441809013
1871.08228,0.022772467756410633
3898.848903,0.01996203441809013
7957.700563,0.022772467756410633
16029.37697,0.022772467756410633
35497.41026,0.017769086604174835
72542.96244,0.01996203441809013
152495.8959,0.014568265873180062
305896.7211,0.010709846110740686
613154.3823,0.0019006300762155516
